{"cameraMode":{"drawMode":0,"name":"Shaded","section":"Shading Mode"},"sceneLighting":false,"audioPlay":false,"sceneViewState":{"showFog":true,"showMaterialUpdate":false,"showSkybox":false,"showFlares":true,"showImageEffects":true,"showParticleSystems":true},"in2DMode":false,"pivot":{"x":23.69036865234375,"y":5.41058349609375,"z":-29.09748649597168},"rotation":{"x":-0.03942498192191124,"y":0.7931737303733826,"z":-0.04951586201786995,"w":-0.6060144901275635},"size":1.7320512533187867,"orthographic":false}