{"cameraMode":{"drawMode":0,"name":"Shaded","section":"Shading Mode"},"sceneLighting":false,"audioPlay":false,"sceneViewState":{"showFog":true,"showMaterialUpdate":false,"showSkybox":false,"showFlares":true,"showImageEffects":true,"showParticleSystems":true},"in2DMode":false,"pivot":{"x":-60.544376373291019,"y":4.362729072570801,"z":63.83204650878906},"rotation":{"x":-0.5377970933914185,"y":0.01621183566749096,"z":-0.01032228022813797,"w":-0.8429267406463623},"size":3.4641027450561525,"orthographic":false}