{"cameraMode":{"drawMode":0,"name":"Shaded","section":"Shading Mode"},"sceneLighting":false,"audioPlay":false,"sceneViewState":{"showFog":true,"showMaterialUpdate":false,"showSkybox":false,"showFlares":true,"showImageEffects":true,"showParticleSystems":true},"in2DMode":false,"pivot":{"x":-2.049597978591919,"y":1.9320158958435059,"z":-25.599140167236329},"rotation":{"x":0.14850051701068879,"y":-0.1271979957818985,"z":0.01928107813000679,"w":0.9805427193641663},"size":7.718965530395508,"orthographic":false}