{"cameraMode":{"drawMode":0,"name":"Shaded","section":"Shading Mode"},"sceneLighting":false,"audioPlay":false,"sceneViewState":{"showFog":true,"showMaterialUpdate":false,"showSkybox":false,"showFlares":true,"showImageEffects":true,"showParticleSystems":true},"in2DMode":false,"pivot":{"x":28.67539405822754,"y":15.20678997039795,"z":34.334007263183597},"rotation":{"x":0.04857230931520462,"y":-0.934832751750946,"z":0.14073367416858674,"w":0.3229329288005829},"size":1.2247449159622193,"orthographic":false}