{"cameraMode":{"drawMode":0,"name":"Shaded","section":"Shading Mode"},"sceneLighting":false,"audioPlay":false,"sceneViewState":{"showFog":true,"showMaterialUpdate":false,"showSkybox":false,"showFlares":true,"showImageEffects":true,"showParticleSystems":true},"in2DMode":false,"pivot":{"x":-3.006502151489258,"y":-0.08329153060913086,"z":-1.9803574085235596},"rotation":{"x":0.19812777638435365,"y":0.7830829620361328,"z":-0.3118005394935608,"w":0.500691294670105},"size":3.4398276805877687,"orthographic":false}