{"cameraMode":{"drawMode":0,"name":"Shaded","section":"Shading Mode"},"sceneLighting":false,"audioPlay":false,"sceneViewState":{"showFog":true,"showMaterialUpdate":false,"showSkybox":false,"showFlares":true,"showImageEffects":true,"showParticleSystems":true},"in2DMode":false,"pivot":{"x":-8.892997741699219,"y":8.278451919555664,"z":-14.677552223205567},"rotation":{"x":-0.1361583024263382,"y":-0.8439450263977051,"z":0.25620371103286745,"w":-0.4516048729419708},"size":4.148767948150635,"orthographic":false}