{"cameraMode":{"drawMode":0,"name":"Shaded","section":"Shading Mode"},"sceneLighting":false,"audioPlay":false,"sceneViewState":{"showFog":true,"showMaterialUpdate":false,"showSkybox":false,"showFlares":true,"showImageEffects":true,"showParticleSystems":true},"in2DMode":false,"pivot":{"x":6.140649795532227,"y":1.8747551441192628,"z":6.262304306030273},"rotation":{"x":0.38795164227485659,"y":0.2685187757015228,"z":-0.11926084756851196,"w":0.8736676573753357},"size":2.013841390609741,"orthographic":false}