{"cameraMode":{"drawMode":0,"name":"Shaded","section":"Shading Mode"},"sceneLighting":false,"audioPlay":false,"sceneViewState":{"showFog":true,"showMaterialUpdate":false,"showSkybox":false,"showFlares":true,"showImageEffects":true,"showParticleSystems":true},"in2DMode":false,"pivot":{"x":0.38899946212768557,"y":9.309431076049805,"z":-34.247894287109378},"rotation":{"x":0.31970885396003725,"y":0.18985381722450257,"z":-0.06546089798212052,"w":0.9260753393173218},"size":3.764101505279541,"orthographic":false}