{"cameraMode":{"drawMode":0,"name":"Shaded","section":"Shading Mode"},"sceneLighting":false,"audioPlay":false,"sceneViewState":{"showFog":true,"showMaterialUpdate":false,"showSkybox":false,"showFlares":true,"showImageEffects":true,"showParticleSystems":true},"in2DMode":false,"pivot":{"x":-2.4836485385894777,"y":13.370138168334961,"z":-30.038972854614259},"rotation":{"x":0.276493102312088,"y":0.0648600161075592,"z":-0.01964879408478737,"w":0.9588248133659363},"size":1.1999995708465577,"orthographic":false}