{"cameraMode":{"drawMode":0,"name":"Shaded","section":"Shading Mode"},"sceneLighting":false,"audioPlay":false,"sceneViewState":{"showFog":true,"showMaterialUpdate":false,"showSkybox":false,"showFlares":true,"showImageEffects":true,"showParticleSystems":true},"in2DMode":false,"pivot":{"x":1.4363325834274293,"y":4.289030075073242,"z":-34.020751953125},"rotation":{"x":-0.13544784486293794,"y":0.6694525480270386,"z":-0.12424375861883164,"w":-0.720024049282074},"size":3.464101552963257,"orthographic":false}